{"file_hashes":[{"block_hashes":["WZfMvXp0X5FbvpA1F6pKjm/2kM2ZiQqDhJKnajN38k4=","EuISiEdDRF8XaTkgPDgRTQ2uBWHWPemsLlRc/+VzqI0=","gSE1yeod98nEoNqWW33JW5Lz1gYYy/NO2W7iQil9jjA=","VC7sZuOkPPBbx2Vw63m4h952ECLjPWSplJcl9FOqMrU=","W/nhNc0AGuLydBu1ngQDopg79Cdxq6J0+xZLoGNzNgM=","p4Wu+3pMsUP6WNV/8oMX+unHMI0dh6n+2OdjbazxBd4=","xs/mT7n1sPJPgdt2PN9bcLSsDpFgGHj1nbjH6pRTujs=","dJp5ZdsUfdZHR/UIhbndTtTg9khWGBC9lUuIhfQQ9Iw=","jr2mwvxjUWtTibo+Yw1QVcHpSQgezKwfGlWceSxbaAo=","tnQBeCXhPOP++OzA8JORQZoBJAobUoYuy+KYmNr6NhY=","OrSku0v12HEw4kEea7WeLmdplXwdOhPTOdgMc05LHsU=","zt7xGwnfmQ4fc3oMBUydsUQKsZH1VhsYXdf81b1fnCk=","0OS4xbiC4r/ssJb6fwTswF694HSuoiHPmmthMio+TCY=","Ym+ZRbYOuaTnKCqkVMCnygZJiJFf75iw2bklkp73BF0=","nR6U9JFgyz0+GTyk2ohpxYZcth804NOITYPuCGfujXo="],"block_size":4096,"path":"bkg.js"},{"block_hashes":["2vsA0nxfp7vYuhJz5tA3bxd94Q4iw6Tf8aRPvlY8rMg="],"block_size":4096,"path":"css/btn.css"},{"block_hashes":["26cbsR/1IoZGwBoAo5Nv2CKHYfMnD6/x1uGFioIRX3A=","qGJC0lOg0AgQmzPeld+yMqOCcFD9zxpEYWDrxV1CKkw=","YuLPS6f7gOVU0WtUhyLdS19S0kitWSprtPsVAX1xZwY=","ojvz8F5eZ88bOO09gkfp94zCBYUt8JOe215wDVOf+Kg=","W4+wPh4obSq5WJXUu257gArKJwezbKz76tTYzcizUnA=","8Ezs6MdUKeDcieQj0csVAFD1T9dAfrMQS32EiglsUyY=","/QVziKsWfELT8EwvI7ZjBSCnN5PagHn3uMw4BvescHM=","oTPC2I8dHjr8r3IUQ6tGIbH+PoOzDOBfikAo1rkvr1E=","nmZ/T69otW2rNJQgB4Ys17OfJ+CsrHh3iKj237FRJFs=","h4rdop8hD6w35zudKsqyuPrp935bIVn8Bu9gYGodypo=","z9+z2YgdLLHF4lT4+8mwg4eEWWpICtxntoY/Asm9mxM=","AayeV//L1kBd/Q+wZydpFfh9Pb1hk05k/3e67CYR8Yo=","8Rl5/aTHribYGtFWZyeMcfBbLrHd73VsqeU/MluUmFo=","i0KLrEPKWy3ZAsIslKMti17NxCX4SaKOU8jTHV4JtC8=","RXdNkjIPw/6EmCuplzV9nCXlitjcgmPXrZawsgBFiK0=","74wIuTc8Q47k3Ife2mNzKHRjnMXEhCiU9GCU8uVOQeM=","Ezz1egnm69PXrs/ljer/tMwxuO4iyVrFs7mVkVw9S0c=","FNj5kSIP0qtj7XirkzY0d27rVz0afJbrO/8t1n/Ue8A=","fNqSY5+3RpfRG1WrCQ8DC17crn+XV/Vdl4ABWhtcgDA=","stsarLFcL9T+ljo9mNjh2+IG9ecu466eU0zNLolBhH4=","Y6qMGAtlYOZFIioMDPuKX03HgEUjHZ4+YTNr85RJLCg=","oxjx5xYxwTWYQemC35XpZaGERwzeLtBhQvXuQq0r55A=","3LfCe4k3TQPxlVkZAHo86qkJRV4652bVx+sQ5DZcBz8=","Vmv5DN6OKP7HGD/LlS6tomV1pXSgjL7lWtN235fp34A=","tkG8aEMEgS6aN1PN1wUHMxHj5Jen4Ppbl182HzZDBzo=","zof2oe9GQm8G0v1cQIWmXPurQld6pZyhKmlTiruai/g=","CljzvL7XTPAHlK7pQ6j7D9kQa+4OgmazVSiNOmGYXzc=","gkgyV+CxlRt2IVm2mZoOjPJ5EIKKqOFrjxwXExvT4cI=","Af5UHie72pS5VAOigihM33EhBW3l9zljqr2NfHSYI94=","OVHbRgt9ZS7lP16cHoPvLR7mI4vRj4ZjYn3MpKPcw4Q=","ogScllQQCq5TvU3hPznZMr53nE6Rb+iThCyPd7YaY68=","JtnVAs0bCUNfmnqden9/9BeS84eykbrTOSkH+3b8hwQ=","9x1nNANaOwaYVXZzUKP7/K19qZl8pLq5CwHrEuD+2RY=","djBgVBai6ZYW0MdHkZonzaVHdRujo8cWm3aj0pmpg+M=","cfVaoZ0GU20EB+HsQbqssPm3Dw17CyKrq64OLXbL2ms=","MT0Gp+Z6/aHoTtYzuzB9teOyh7yD/CZ1KTMoziN+H6Y=","XE31jo0R3Nwm6PkCKpYMIgIORcz6ROpDGmE2/DraYlw=","MOacJJImkLtvxchrv2qyj6z8pkqeTULuPoMGpDe9GDQ=","qFeqS5BVqNIcRMjzTgoRcMFyOR98mo4NQN/vXxB1CpI=","j76qWwXcA0r0m6j7MjUvAMG88e0zi9jlfy1xHnzXamo=","jmFAVUWYaJJXkiZD/ozx9Sy+1nl1dqoHIBYObKsggc4=","ZnNq6sKebF59dfnm8dlCYBDMlUEdIq5tu96kYGuoSp0=","+b2i7xqmQw/zcu8gbBboW6zfBlNNMxlo3RrILBek9Wg=","eWchZeXr4YXDGdQM9oEjlbDNaXvJm3DWkKGFKox9Dn8="],"block_size":4096,"path":"css/materialize.css"},{"block_hashes":["QGYnA/3RnXBhZzRsRE+H7c7C/HH5dc2bGHfLKhjmqNE="],"block_size":4096,"path":"css/options.css"},{"block_hashes":["XBBV7wKWl09/mjqAX8r7mw0Q733VVf7pGMy4sQ+cdTk="],"block_size":4096,"path":"css/popup.css"},{"block_hashes":["uxdtcgnEqEPF7704KuiSP36TvoyX/ipWS4vtl1N9Mog=","SIltMD3tBDWXEEyZFuZrVLScUIYwr9232tVkYncILtY=","8UgVPFlH2eImPwjH4BScFRgQkS8DI6MCeFoumMh/VKA=","C+0fAD11jEviKBEXD18E6s4LFuc8zLpnqZqjLXWqdNQ="],"block_size":4096,"path":"css/spectrum.css"},{"block_hashes":["uRtq2c2cG/nRp4HMxIGy4PLhazls0wOht7X4Rg1L4rg=","pTqRFsKoox7Ydosg1zl8mcshvH32ZH86C/ZPD7Wp77U="],"block_size":4096,"path":"css/swt.css"},{"block_hashes":["+ewDEeHvASKpihmh2dBnzY2/81dZCWk+YQ655qEKI0Y=","6aXMqSjn37mi8JruxcZ+fhH7e8irve5rH1gqNl846i4=","jbyVeExb5IT38MJdWkm/UNQr4MZhxqOU0QJAz8GZ3I4=","HLDJKLomMKZ8NZrclx9lIQftG9mj4D9eqxUYFE9larY=","7lEIYXiIkjLZbNJ/3Lo+Tiib3ONbFBf4JIYR+PnX0+Y=","Rdr4pe0c01SYLBt5T1TLbSzy86cenxbPo/NpGYQEe4c=","H1E/KWTf+gDjuzR/ilHCgaKj5bGnhg1fRvX9HBKwO8g=","2Vlr/EPBY4KzhsIkCrWOmLj69sc5tLxeH/owIpLQq4Y=","0sduqqwo3dBqAEfaMz8lGVaBq9viq9yqIsyQls9GTtw=","y0rZILIs56TXU7OlMmaVCHmR3vgSGniis9M1D/7ul08=","UKS5SYPRSO0SAE2k1FmcWODZm1EEVq6CA7tZpPI3Z7E=","3MA69/pfQficZ7jt6TbBx0hbJDXLbLRvzcZGOarJNY8=","Se8pcvjx6Ed+ITg43L2uMJloq8TZjXjHwvJBLRSuSsM=","/suN2JW97LUYFDTKfy+bKP9R2rF5MLtZUAHwelD4P/Q=","VGPviqoJA/eBBtWdOWTa2X4dMrwPZNlJ+4qTobu5kiY=","ORwASw6quwoogkFxnyum5fxRjpEy9Gq/W2II4W033CU=","zXN0w8MyL3c03TiWxX/nt5lEr1KJX/KrlKuqEnV0X2A=","bY9h4G3r0hRRxeARgL4A7oK3UoZFqDz1IrKSpfsMeEQ=","YgmCibF/r16L8Ff8YFMW26CR5bQYbTPZ4j7kUoPy3hc=","s7xVdAubqyYnWbHZ0YO6bLbK0kd69i1aOsD01uQjGAE=","WytR0shGJexMwHFfMqrsf94vZKGRX4z0EfU4F6JO9ZY=","0w+RFdswaCz+GwBfdQx/hHg10y2NjvkQ6i+U3f2KzRE=","iMx7HahpKqBggiP59vkUNcg/zTRvkCeQpzOBrKF/Fag=","2q9+zOo/29Aji97DrX1FsOSGEjsUhYWNkdL06ulFmJ0=","8ITZpMGa3ckewdQuRZSBwe27Ong07RGON1FpdDHu6Kc=","RLi5qVGEliFxTi2iBx4hbfWoeeBhfVpkx777aJYRmeE=","WkfU6cih2Xfywxwr7l0cRS6hIuJig3OqTVd0jm9RQA4=","HBuZ6uvbXOwNw71MYeVflLFoS2yNAXeL2IvJxxJ5ens="],"block_size":4096,"path":"ddl.js"},{"block_hashes":["0C22LoXyQg7fukttWOHLTO3xoW52HO2RT34eIRf7Kko=","1g4yvHfRCvgp21rPTYi6pnqMOp+a7mBzQxYMQfFSlQs=","a+7dylkVHxBdvwL0f3vspHQYcqVpvTU7mr28Nuj8bbA=","Dy9tQj5of1Oz8ZmyIkR+oOKXgVfxB+mklT/oMySVI/0="],"block_size":4096,"path":"ga.js"},{"block_hashes":["ZoYApY9TZkMhg579oT63vkDsK8RVtO8N+A8q1Np0fs4=","IKGijefW5aKLSFUWkgYUsBJp9+v4s5N7sJ0zZP3za2Q=","t3/32ugJBB+slQboZ9DJieHOi12tIJ3fZdLIaTl4QUs=","b1EeiJ70wJX2b7OVQY8Mt82j7a8EXGnNEdzBdN2N3Lo="],"block_size":4096,"path":"images/control.png"},{"block_hashes":["FIeAzolPNbQqmWvyn26qI15AR7Lb8mblGCdmkuXyLSo="],"block_size":4096,"path":"images/fanyi-btn-subtitle.png"},{"block_hashes":["kK2oV9ymthn0o9q/ph0diF87zBpa6fQNas9BlHWCwhQ="],"block_size":4096,"path":"images/green_radio.png"},{"block_hashes":["4qc/7U8gQVToOXKONHF6rUDupM18cx2x3DVaifDJGtg="],"block_size":4096,"path":"images/grey_radio.png"},{"block_hashes":["i0VzbuIPjW3L6qAHrmI9pxX4UdgrlgzgMgx1W7acnQk=","KrX5gIQlGX7fg/zhmg4e+dz8ap67g2d4udNquSe9ixw=","crshb3rE9gB7PKsPrUv0pe5TbBgYMdO0rlUg08ONKYA=","+BSYHXQ0oR+/ie7kjU91QbjhmeVUREOxhT7Q6Rh/Btg="],"block_size":4096,"path":"images/logo-auto.png"},{"block_hashes":["OslJbUD7TMBDy+JuaUsUimByQIRVqkp8MmCW/kfi9lc=","6wksJdbW+iN/YrN3oSJ80UkHKzDq1wgmcpW9FqLI42Y=","JzVXyBGtaWt3UoR05dsYnSSFyyVeWJtFHijEdUdt0uY=","5crWOOuc/OMBK//I1Nq6KJCo61juwYfsXlmyvLIoJKc=","cof16gNdzXNQum2rmhdg3NPugDT5SDjUV1JUwNkPY+0=","a4deAlAL3o3RzAP1xpd9HwbvkpvWW+XSai0gj6wFbm4=","3pbtswk8wQ3N0iqmfB6aPFsSJDIN7lisNMjoorWmMxs=","s1AM4sQmA0/SGfz/07i9aoFapD++5pAX8CUdDizILk4="],"block_size":4096,"path":"images/logo-name.png"},{"block_hashes":["n0bDYwpBBtGFV0mqE1ajvYmywfMoyZdKVTv8qUX5fXY=","tC3tvlwS8077evmXwBjRc+aZrC16JkMgy6dxYjmQipM="],"block_size":4096,"path":"images/logo_128.png"},{"block_hashes":["EDk4E9RUOj7IwM+P49mJvqs8LJYrgp80byIfSGTrLwg="],"block_size":4096,"path":"images/logo_64.png"},{"block_hashes":["8WYE7w5sIYKNYJ3jP58HqUpJIvi4kNE2ROEyBJPUfBc="],"block_size":4096,"path":"images/no-voice.png"},{"block_hashes":["rybME4Y0nBbTN+Zu+36KAMuArEsyak8hM6VpntxzXdk=","/e5V9PqmqRApksIExNgWhsXg2Gtuo10VBn4/0+mO+Rk=","ZVQRMAwEGnslTe15dWN50GuEylP8JLTV72I8A9a7v/g="],"block_size":4096,"path":"images/settings.png"},{"block_hashes":["9tevWJ7fKC0JjnujOv5Zblb7yd1086QDQe5k05UrcIs="],"block_size":4096,"path":"images/voice.png"},{"block_hashes":["6IyDFrp0x7kwg0B27BGb40Nfmh89mXcgdUiW/gB7Y9k=","hmNwdZGK3Ru1newYDLNG1sMfkx2TVmYcZg5c4Jq7HBg="],"block_size":4096,"path":"images/wiki-link-logo.png"},{"block_hashes":["4RFOOT6o9agPsrRRRr3TjrVqrJCN/NeqkGrhenkO8H8=","NvXfurKIXgasE5UTN6xbzHZ51F0V8KZuTnE5KhVv2Yc=","G2bc4lj6d+UZEWo8OVAfagDzlBO92R7NDfr9v29Paoc=","d/maISMcOlG0nXd99kDDZNuOxphROMvG4v5JT2jPKeU=","HwFTAGO4Imn8KmMGwnSVfxTyUK0EY1zJhSabHYzP/Eo=","/qf360hHUBD+C74egnuEnoUHOi0B1zwO9SoqPDfgnlk=","dhngbMbJUwzzS7X7N97cMise1oO1Nn37AJ53MjyxuzY=","hul12S7Zwej11jKhEZqjqiOYyeI7nmTPma2YGpjjiz0=","AwJVHTiWpJb5a/LqGoFpZF+gxkLVQMvIycqe+kyYoYE=","lctKj+icwj/evd4i9tmkoEJYigAKm87X2tGSGHZcxu0=","UQvtH4Zm3SBdvs9MbjMcPCKtZKyVi/bzVJ6oWa3T5LY=","rzetvJJ91LIHbE2WgAJhDXtPlnfzDMNNxA0nchnclkA=","oSGVWGcnRlmnmO3Icn8LDjBsDvP7blGJG0HXNOgN6x4=","kn4bO8pOVFR2kWWFXAO3VZH3fH2Ma6U+FKLcxjw9uKg=","QFmwI4XgTTIQgzQ5B+LsxTaLJvgW9Jme4vYN+XmgOuE=","hxExb8Ppm6gffT9HxgnZVvnUQzH0rMneNaDeRUNGFw0=","Sl4b7Wqnd5wxsp73l16uT+WWVzNitvdGnjjihupdM+o=","Qt8Cos9lxyWRXeoKa8CX/wj7yTqfv9mp/EqokfSoCRM=","uFhBkvSjImKvjH4BLkJCAueHWFn6d3pZiriaNi2kMWA=","mRalxDTR+lUd3pNxTN3kc3N8J3d1p6V7Ki4auCS63PU=","rRWusZygK0gN2RFkxn21nRFw2RcwwUICHo34nFcPT70=","IpDCErVUGud1fTNobKQHwYVKqq77lVhQ2p4NLgTQw1Y="],"block_size":4096,"path":"jquery.js"},{"block_hashes":["hUgukN7h6TQVeJ82cd+5cGAVq/U+kP8IhfXq0OjYiqs=","6A/ZHjla8OMoYZ+Z3SsAXTqeIpsFMqv9ZBXBEZinT5w=","DLdO0SUHkhOWIb8Umrl7rcxmju2thmHU29zUBy9kAuU=","eEu7dN1oMNv4UysKtKxjwktXcDJJoUypfHJ0xgbNhd8=","mV0LgIm0vTJNKjVeKdRm/YySRNW03+xusN6osMkipDM=","losRyyCxWrkbEjXoYpW2of3dYoRtjDLtFuzDHvvmfOU=","zp/92Ep90Vuxwg+KXySvRZuAIJovMdcZGnmNPhxM49U=","mrPBkUtWsLTn04y8Qzo5qd5a7ZBMsau0qpe/7K3z2EM=","At0hLvcQUXaRxgHikGuFt4Q1ZD9gTyX8ZKoW0RHB11k=","Iy9deXQrAjZvpGc2SNbUVerkXhcvIUnFlPoAJ0o/1+M=","5OlJRYGMjy0AKiWjMqNopEG6rzraz8VNKYG9suLj0W0=","uNUycdOth3pJA9Y61LjKqSXTrUmzSCOUDO2V7kabvTA=","mEQqyQpxSt/ITO/k6wwmmNiO/z/BVa1+SPWV6PUl9so=","06fgIhSNNQKp5G0ms/RLNvEPSBC+1sU3JUWuU1sYkr0=","hiOYDomWN437edGyvOkhavkBWJvq74dfEJqQqcA6mS0=","EHsD1gESvMtoCodIx6igB5sOPv2DlQAbaXS0anRZNhA=","liknehNQPdlUuo3jWmNcsSZQUQv/wXPhT2707wsooaU=","MDC142809kw/ulZsJwDsNozneykwqd/GJcjGw8sQnwc=","1RYoODErIhFjUB0MIseyoK8biSedoBPeQc6EnCFb34U=","fdBKYYREGApcy1A5D8qXK1uLTX+CCC/yl8H7KLOs9Dw=","6cEBDf6DZTdf8CmFQ58GCtoAEQHt6ecvnVtaiuan4To=","cic+QH9EBOls8QMxiU8SPVsoU+wb0nHURdRCLT87UmQ=","GIz+cvsilVNX7HeYyHYjJ9ppEwxRqDzfJxb5EMut5ig=","hK+RTw/MSt2sIcR6UErU3+huRM5F785rc+HJb8yxjBE=","MaXSeeruWqf8Ns2ychMmkUzNbi7YD1gE7RL2CA15efw=","Q6Hqz5C9GrBIN5UymWqqmaldJVAiS/KN8CKtjYehWe0=","FvbcFAZbpgv7gIcmLCPDsHyXHD5TC83oJRaW04CHGG8=","ZhsrBZqW8Q2O387dXZLPXYjCOJqFxGcanlmk3zbug3Q=","Myv7lgan2dK6uMTFy4F4CMK199hO9BtCfyue2iFmSWQ=","HuOLxpNiNqd4/PImkkOPao7GZ/TZaqEQQ0ZZjEF8p2E=","Ct3NPIMRkqgsE5xPQMEOLPdhJwRxGWzDzm16AWuHkKI=","Jqk2FFRlPTLALqg8Y34OPRSOO4voG8GUuae/kT6gjrE=","PuEXxj1n7IHG4ksCvBLJjcNr0xADJmK5TYTXYB4RjCE=","xUqLDpbe2cie7w0NQdMWqdq6Bn8I0cXleQHfdaUKtEM=","6wb5lSCc1MpcZxiwYUapb4wmbOAPW21OAcGU9Qi8OV4=","IPNggw0XbbUXr3/LVt4CV03l6nEGqXpuvEOFHqKErA8=","XkEaN/bGfYf7OCNzKkbyiGi6Kn8P/IzVMrnlFibHk/Q=","7PH6rvGi3kEczJ+MNtCYPg25FUdFJo3r0hsehUiw38s=","tFPYj6Tkb/ifLRtIEjNsKSxQAQl1EzC4ImXhJC5QHvo=","pJB5w+Mjr+cSJbbr9OoL2XvUXoGuaHx1WtQniS0VD9s=","UEvHu1lo2apENvFCopoh+kNgnBRe2CMDOUT+lWts8Tc=","NQDpLihwKKMZP0p884lQhUK6qpbLXi9NtE0qO3GTMZQ=","NVgb/1RSiOd5vjGNPvLzQA9ttIIXWKLYURMoB77fGWQ=","HkWLflwbxTzVzv6b2lETrUbLZBlZ2ruw0bN0eYLfmUs=","EtHThkMdBIfW++CuoEiOODCMK8CZoc/SV05GcqjcZno="],"block_size":4096,"path":"js/materialize.min.js"},{"block_hashes":["8vfA8pyuDELISigR5GXEOuUyhWCVIWzxGzttGwyNnuo=","3bigI/Z6SK3GNBE4GHhle0bZ6Zk64ZXLLgr/FSqUxB0=","UiJR7vWHN+hjDJ93LY5Eg5UFJau18J566TH3klCtMf0=","j2ed/midVarzJlNdbi2It7dl0YYSLF6mWSAaKl5fjGo=","szxvQX8g4W6Y66GvrkeH4GfVSvlyXn22wZgiQcAx6G8=","9InEpyFtMe4DCzk+PEQQorrUGJ1uNVuL6luZP8egfiw=","Y/BAd8jWaUQgczzd4dMu0VBAA2qK1KZtjb8l7CZoS1o=","10sywx1IMC2lO/WpPTk0qt0vCnT4s5V4Br3L3qdymnk=","ZahqfnzanDUDWv7BwyMvO8SgNn9VGnFu6ik1zPxItF0=","WiqMsvV054d8JZ4BTQlXFUz2KWFElM9YcxHH3WiBHd4=","HISnQgmkUbiZA7nJB5LtyWDaSgFf6Dvahq63sh8Ef1A=","cdK15tlwlYH1odNo9Io+VjxchS9az7hJwpQs3becSPg=","7o1koc8Z1xHU5c8WzW+Ue/pI4JOt0xOUtweAY6rxn2s=","eNJURUmSwOTKm1ulZVW+aQn23qR6kNkap4S7Ak3BT3E=","9RLyiJezR7L4VrCPuouzv4QBbL0hZigRGsOusSYlnrI=","36hMIAZPh9cl6hRbJTxrN4ALVbjAjhye3BW9ICbc/UU=","qkjnD+uzMiOVHAZa/2MvJy7/7qUtEDq6r4rCyC/kUw8=","UR0RO0U76yJGYzD6CzMFeEuLfR+PjvXtPJ1JO38DBOs=","MiQlHCVxJ8G6pKkpFepp8Ji8TPxfHlR0i2DMCjNstXk=","xgDw2cBRs99Gt9Pzjz4V33AMQjGQy6Lz1jhZ9ezDpjc="],"block_size":4096,"path":"js/spectrum.js"},{"block_hashes":["3wLbov2iC/PuIwvvY52gYKZgMLmae/DYKXJgygGPkw8=","xSTtGwuY5bePvWUFTb12DWwDQodmqUMv0CLgiTcCRoI=","vgZz5Y4VxeV4qI9Ze+8tCieVls+GNubEEYCy8CaqkoY="],"block_size":4096,"path":"lgs.js"},{"block_hashes":["KuR+qLUqUPtgzLyWrgXHqt+1XYdG4ZyzZ0T8rBfhbVs=","6kM/5a4hUYijNy8gMRv5bbUry8CI1uZnmXGSAtzt31Y="],"block_size":4096,"path":"options.html"},{"block_hashes":["oXLbGga++RYDefZJ58KF5YT82yBnfiuz/T3ki10dk+0=","HITKu4sAnX27kUWxWvfcAfq2qnKwG6/louMqzdEuj4M="],"block_size":4096,"path":"options.js"},{"block_hashes":["RZMRBSlWsKhUK1nOzeXhT0i+aQY9tHRw1oiUD/CF5Wk="],"block_size":4096,"path":"popup.html"},{"block_hashes":["Cc+ysw1DLDO95tMQyODyWeGJkMRoIo7V6vJUuV97MBw="],"block_size":4096,"path":"popup.js"},{"block_hashes":["jSu6snrrPMBdg7JsUMl2bkoW5DZ4j4kq9XypzQgMU8w=","ZQ7vghRVNBPTU2eodpIqy9g8lS0dH55NFCeSsa4fX94=","n8Edq+10/838G+svZEy/eRiriuQbYodA9spHq2JPA6Y=","QSY/VtH9LjKWhgPLI9pv6TNXMFojuk2SlasK8JHFBUk=","ifO/NCYDMSgzgEBvuI9wpd3q1OpLva4cVK4XgcoK9zs=","TGUV1/ZwWiAhiCExNbjbDpi7EYd7D2cEey9Kv/OGRAg=","8pOzELB41W/CfqldmKGpIldwr91DaOjbxwjN6z1AAoU=","91/ePWRaa6K22OtzgsRRT1FkoHRRUUVuleyvCswIx6M="],"block_size":4096,"path":"sub.js"},{"block_hashes":["mLvFuKuBuCyvuBFXoWZeLmfP2pfF9LApcPTLRZS+kQ8=","+BQQLvDW6RzET5wqZUrvsaZwpsJk+fEUW/DsiiCu5m0=","0Uwzvr09cH4WwQLNhI/s+qDT1SSKtJHHbrOywln7ceU=","RKkH3Zlm1rBqIKttYWfapNTkItIiAu93MAIEYQ+A5CQ=","9lTN4L2iX4xF+51F5cGAmiH9TVb0ydveZKAqL1j4kts=","9XfpRCgszMmVA5qD4xkATnjqYzT282mcq5fzHZt/Ejg=","PEKXwAVTADlD2Hlq7v+JF41RSnL3NkJ+qhMAG69bGSk=","5/09oSJe2ZEMSxDugHhK6t7sdSkLfgYlG9f+Ow2fJrU=","YgoqqhY2qcnGkjvK+J09HKfhLWpVrhhYJGAtxrsfdT0=","BajUvBm3y1yRBhXdb9j9h1t1og2xt+SydtyCW0lY84g=","h9nksxkjoTf+ukEfsnulCue92+oGWr0bm+hmc+bMkzw=","vOtMxvbTm9tRRwHOkdNcnAVBnSO3Q5tYqx7AudNgMq4=","d9Ydvnl/H9fUEawY+1o8dsQWtxLSE4UA514cY1R+GKA=","aIydsLz/F52Wwwjzjg0nD9huKgmQsfFEJAhUwM0CIno=","cc409BT7XaNPMhmvuv8JhrPdy+6j5/AFP4xUfQQ0bQU=","7w8tgEzwQFJqGULzmq1KXdSu3MXM/JB9O04u4tQ/qkI=","H4P3wGxjsd1gSTot5OiVmPqad/bY6YRWx2wNn4Kl3Ss=","c3J5q9xp8186Cy5dznqOkGMH5/mRDJkwVLAHBOO+yNY=","c3GGyboc5/4B/+XOixnJ4pXR5rbgHBACqvBfO0NErbQ=","xGOhO1Q4MY8gsF28mjG7hiIZxo/j44yTINOAigzF8ro=","37j/Ddj0aK724UgbOLLjI2aynIgOYZLoDkBjpKUc43c=","GXMtKE+VagUKWLVTygH1q7vmuwUdcJUmtTixrlWSRnY=","rZQzxud2I1HjopXY8+dHTo/Byh8lqVMY4oi1OX/Kw98=","/nGhbG3C87SFO4Uiq63Sd5hfF07hc52GYp9fQKcaVyo=","6s4PMtvOkBVVMFEhHK54YlYsVCXn60sUICIHEz0hgjI=","vO0JXQUzNm4eTa4CZCZaW6bNqoF8Fxwd/I2X3KCa/l0="],"block_size":4096,"path":"swt.js"},{"block_hashes":["kd4pDsdmh3ry3Zy9SMjVyySTmr8kSbiTxA41TfMNbH0=","H9d5+TyKTvTPbAbdaCOOzbmhGmdgM+haSb/2KNysyWQ=","0mjYCU7iPzfyexLtDVlCao8Zy7s//+uiLbQqye6SFYA=","B/v0djlKuK/fbnZDmfSTISKzaS8TTFR5f0dt7sfEBh8=","Yc00DYBJKc3VXp9X6KUrcKZUlbx5QmvcYf8d6neITRg=","Xp6qYA9cVrhftRc80z+mlkSCUL5DeoxQqLhfuuxQLSU=","L0gAZtEOlL/erqcmAZSV0Ht/V/UEZXaFOukJTwEBHVc=","UJD9vYEEi3aoYTVs5FTwlsU5PQsKar4imnoGGBCu9YY=","zpYyYChwuM9OcJI6fvWzBF75Q7Em6A8s0bHi/9fGt3E=","RXiMl6duq5RrDBaEkK1+k1PhlFB1iq3y7P1aqocEDzI=","mikWp3DzdyRxs6oLADOPdD7TnTZ/23Rt5iVnGKh3hUY=","KXL0KvjjJirfquyx6Ric64lH3Ewc9GL6/scZnojB4kY=","dgV4s259w4l1v5BXuJOR61NEqusIYmBrMbfVfkYavB0=","AZNOVpbGzeLhlTODp8twfXEnFJexupTCYxxe7jnkIbQ=","m2s/ZR8bOlF0gd0nMkFAGezeZ32tTufwy+Fzi8CPduo=","4JhcRWVRJYHieacIr/7bOBQXV9o6VS4UOW/p/zbOmoc=","5DytyyAE7snbrvYPR/tIEkGNvCVjjTNyGdN83n7g82c=","Qn3wQJHt2xkSw5GjqRANcqIZbcoHvOonIz5M9WGUJSo=","h0yWgIah2p2XQi8Zq8wEWyNgg/yAeHyHfrbqYHH3Jlo=","4rs9qSa0N3BvNQdm0+lwNuiMz+0Qs7r6dgyMP2RXOkc=","9cQMhZfgY/XcxYuwkaxxSTT5gzRQQtkCTLKXjq/y+jY=","LriWQ2l/TisXqC2MdeAbuo37uz0VwX5N1HB1aQ49/Uw=","Nf9DQ2xBGwB01p/JW9WSacle7NPP+yBp5OTPqsjr6pI="],"block_size":4096,"path":"tbn.js"},{"block_hashes":["zoesxsT4QLo1T9OPGWA7qM2DwL/0x6m7reac2G+SjSc=","tmC/4/eL/JxPRDy1CYf67oGl1Ml+7qqjnie3D+UcI/U=","QrtRXZrQBsDgiLfA9T+6p6nRVo54U12kGQRP1nYJZ68=","eybHhKzTo2/f3zGi9ZQ6mEK9XBuRdj2oSfp7+vEpUB0=","k4LpLGvDz5lg9Z4OKf6BgoqVMiE2zMf7HLTOyLtJHME=","Q1SG6L4LnfxLkAaMOZO6w6gX7dhHt9ZOpW2AksHcDYk=","JHiTRWk9KV3s5ZY48cOSMx6ex5PD+UQ4jCcQCGhJHqk=","4Nqcrype2W36dim3m0X4gL+l2Oxp3St1I8gifcR9U80=","Bz98ouoFpqlLautv8SiXozbSq/DqrQrU5PoisP8dGwI=","pQibjrspxBUF+YOrUoGZfm0ntaVBhMScyHKVa7TVWGE=","ZHT5DNS0Mr3cudZHiClrMLiLD+RGuidGKEF7X27ipEQ=","jjk/6CKzf+pJcnJxq6AHyTkREZYMxJvgKIUbNjIbGEM=","RFRnPJSsL4qEcIjtoZtW+iCCbxgwu08apej2jKAK5bQ=","AK6XqQSMzSydWi+gjKAR7p1O7yJf5FSjgjwr0Ay9ds0=","HJzr/CpK9HGtIiRv8HebhbkmKFSf9B9UvpwQbJzstPA=","KjHR9cTMFBVYDUQwsfVftBlOCkc0ebDQOOWPwAlEN4A=","C9T6A7bBz/LRSTS33IsHNUJM5+GDge1T/l38bEzdHLU=","PRrGS0O/6fPuQ0AAIsb8MjtaxOz7VUkOqlFYGkQD5pA=","ZhotBd+nuVh3Oo/umktgpYsRA1/1JKK6EsnO1VNrNPY=","mATsgY9mIvmLjp/vguHOA7lFwx8mNh0WngCWMPs6kC4=","kK/ZSqfkidf+vUmzqyo4Y3kp+42U0nho2v0K67WVosA=","cqfOs61X0Xd7/qmqtK+c2kFQwV77K+uBUCda2OrHbR0=","mCJ/gqICd8OH8dyOe+GxhtRTey2zUCeVkSxE67mnrMM=","Ri7iQDr9J95o+De80Favi3LohuQnHYe08ydihDASYiA=","vBa8R2F8+SGnb+vJGslFz3oBmb5encJKxVkGjJpfaCc=","ToeYHn02YEfR6MU6LE+ISTHsHCfDlQqoD15IT2S3ekc=","6Gq7PGV6G2JrYRuaHyljPtOEuVgp0Y25TpsV2JZxFws=","1WTY9bm7JxjUOe5iMYJVAz+CIii4sV7te46cBA8BuIg=","oJ8sS6x3OnS0XtjWOyg/SJ/k2iWc+M8S4hbQmMKR6vA=","+5NV6kAoi4qMUxZWz0b++wBtqt4DOX8sbRHJXXQajH8=","qdPboNdgU6ZSX1wNsI8T4C3j7TfhuHbAT2h1Ntwu0Zg=","ck1LC1+FH6ke0nvNtDaTc4udZTmvHrvuU6TDILWgvgI=","kBAJi+C9uD5+JrZjEPvH+T9s6OtKLtvHJySzNsmfv6w=","uFKgLAKvTzaXjACUVEh3yk1Lx9oCet6OprLstaFYBwo=","WY0ApL0MPtQNS4O/hj80OV2GRtml8dlWSTp5tmkQZqw=","PC45xMM5FokJKtOayrhjExtpscwt8AqZowLE/0Dp/lA=","uiguv80OrG+0nBHZ/kchmEAh+XPENcQ1/pxhvYXF8A4=","o7WrheRcoOs593rLcqbtrAprOiuuA99bIvNNWIaEyRQ=","Mlh3P/rDQ/Q7wEOrKRCt2Gdl+xYOIczqdtmGPKltVFs=","NbN7GgBqM/3z21vnw485oCzptchFzxVwkgvUPUiSHIY=","PTvazkvWPFlc9USg2rJluMuaXYWbooTR0KxQVAOE2pE=","o21NTD7z5MAWtOvcHn0MKrnTPSywOk1m2vfWm3ByuR0=","oD5N6BEJ/aPrer49EmA2NpDjl25C4eslU5fm4BPCf/g=","hEW62XpVA+qbaGjnVd2GFU69vnhRDFoz0poneYo9aXY=","A8JI/B0VU4qWsNaH9pPgWGtT9ggZJ/4RLef4/IqdoN8=","9vwrFq0nM7KIbYpu8RBvr+yJZ68ArsB7lQon+8eCPx0=","tHr4+8WLUHGkYeZWNk/jhY2XEKZJUB2jOBIsE78hS48=","ZIJQZQlCYwVtBkDFwEoHL+HNZ3fOyvWhbwD3EcKBDRM=","I1sD7Wr181z6JOCyqqPBsZ/DL37L2itrFLov7W1xw84=","HmdyV5C5tKOesE9KiZLhEJURbI27dNIxhFb75XDvYpo=","vOYI2rDAlEIoT8isWE6WQF/++le9t9dSnpdM74BWnic=","U39s5fiyujQbLcwQYYgqb5nrDvGaT9KpN+4KhbFu+fg=","kQUtpO8J0ppr9uFrD9Th+VedbNKbffe4Njhku9xHCNg=","lUkH0vvFzZNZOqbQbQI3MAOQ7iRnFExEAiiyQb5R0RA=","5QTOX4404fO8McdtX37rPtWiB+DPTcAtxZzoksIJbCI=","TdNSPqLtEAlXa6EonEKWm00Z0ZYj57eMVuKE7T6LS9o=","CLrddqhfeMa+inuyiZJ/7aQFXXGzBAgcDoUSD6oe6hA=","0THJ3Xj1ZoLrRsUpWvTBj99vUjmM+g6TgSsSkN2VTxk=","1M2GpvteCSZoil/JM+FYT2c28hjCRjgdLVG2AiZPFZk="],"block_size":4096,"path":"trs.js"},{"block_hashes":["o3d6osZD18mI1rlzuM9/JXudORgCNWkbO91LQG3MGgU=","SizYdq59MfIJmOjUMAYkFfnKbTl+Tt0oZ2O8Uzxp2pI="],"block_size":4096,"path":"vbt.js"},{"block_hashes":["r1iTZRxCw3DHNTyASrg068CarUs1LPef+qOnCNg4SSc=","qckgDm5/9/1BDXer3k8BHJRP4BzAPbG81UckqdB/uhQ=","8T2hmu04JixfjK2COITsIGPx3ePrA10FOOqfAgMieMI=","YobNd45aVVzNQcfWKC8kDvMmjUcwaMvmXpJUWsXECSc=","FmIb5p0rrOzW+I5F24ZxqyBvnqM9y5vfTlBnH9kcnBQ=","qg+Z3eU8+vsY2pbSkCteQRP3w5sCalaC6YuSFz9qpsg=","oynC0yplClpG+FyCjrxr2vWsrf0y4ejP/CIbCT4oQqA=","wmJjrEqym7bNgDh62OvCXbcWytYL0aQqvJun1rAebWs=","K6ckKUzYfCaorSCrPg2mex3xlg5rIqH+ziveUDeooNQ=","HSXsrsp6DkhNkl7quUONdJMsmIkDsxVD3Pt46OasNHE=","0w+qOW+okeLmrniDA5PfkCj7hkhUvNmep6r06936gYg="],"block_size":4096,"path":"vendor.js"}],"version":2}